<?xml version="1.0" encoding="utf-8"?>
<textwrap>
<text>
В настоящей любви точки не бывает.
</text>
<text>
Можно разойтись, разругаться, разочароваться — возможно абсолютно все.
</text>
<text>
Но какие бы причины ни были, настоящая любовь все равно продолжает жить в сердце.
</text>
<text>
Она отделяется от разума, живет вне происходящего.
</text>
<text>
Ты ничего не можешь поделать с этой любовью и просто сохраняешь ее в себе.
</text>
<text>
Эльчин Сафарли
</text>
</textwrap>